File,Symbol,References,Confidence,Reason
./modules/audio_utils.py,sarvam_to_twilio,1,High,Symbol exported but never referenced anywhere else
./modules/audio_utils.py,create_wav_header,1,High,Symbol exported but never referenced anywhere else
./modules/audio_utils.py,wav_to_pcm,1,High,Symbol exported but never referenced anywhere else
./modules/audio_utils.py,base64_to_audio,1,High,Symbol exported but never referenced anywhere else
./modules/audio_utils.py,trim_silence,1,High,Symbol exported but never referenced anywhere else
./modules/google_sheets.py,save_appointment_to_mongodb_and_sheets,1,High,Symbol exported but never referenced anywhere else
./modules/google_sheets.py,extract_general_queries,1,High,Symbol exported but never referenced anywhere else
./modules/google_sheets.py,save_general_query_to_sheets,1,High,Symbol exported but never referenced anywhere else
./modules/llm_client.py,get_llm_timing_metrics,1,High,Symbol exported but never referenced anywhere else
./modules/llm_client.py,reset_llm_timing_metrics,1,High,Symbol exported but never referenced anywhere else
./modules/mongodb.py,reconnect_mongodb,1,High,Symbol exported but never referenced anywhere else
./modules/mongodb.py,add_user,1,High,Symbol exported but never referenced anywhere else
./modules/mongodb.py,get_user_by_phone,1,High,Symbol exported but never referenced anywhere else
./modules/mongodb.py,get_userid_by_phone,1,High,Symbol exported but never referenced anywhere else
./modules/mongodb.py,verify_user,1,High,Symbol exported but never referenced anywhere else
./modules/mongodb.py,set_interacted_before,1,High,Symbol exported but never referenced anywhere else
./modules/mongodb.py,get_active_session,1,High,Symbol exported but never referenced anywhere else
./modules/mongodb.py,end_session,1,High,Symbol exported but never referenced anywhere else
./modules/mongodb.py,update_session,1,High,Symbol exported but never referenced anywhere else
./modules/mongodb.py,add_transcript,1,High,Symbol exported but never referenced anywhere else
./modules/mongodb.py,get_session_transcripts,1,High,Symbol exported but never referenced anywhere else
./modules/mongodb.py,get_recent_transcripts,1,High,Symbol exported but never referenced anywhere else
./modules/mongodb.py,get_flagged_transcripts,1,High,Symbol exported but never referenced anywhere else
./modules/mongodb.py,add_session_log,1,High,Symbol exported but never referenced anywhere else
./modules/mongodb.py,get_session_logs,1,High,Symbol exported but never referenced anywhere else
./modules/mongodb.py,add_therapy_progress,1,High,Symbol exported but never referenced anywhere else
./modules/mongodb.py,get_therapy_progress,1,High,Symbol exported but never referenced anywhere else
./modules/mongodb.py,update_therapy_progress,1,High,Symbol exported but never referenced anywhere else
./modules/mongodb.py,book_appointment,1,High,Symbol exported but never referenced anywhere else
./modules/mongodb.py,get_appointments,1,High,Symbol exported but never referenced anywhere else
./modules/mongodb.py,update_appointment,1,High,Symbol exported but never referenced anywhere else
./modules/mongodb.py,delete_appointment,1,High,Symbol exported but never referenced anywhere else
./modules/mongodb.py,set_chat_history,1,High,Symbol exported but never referenced anywhere else
./modules/mongodb.py,get_chat_history,1,High,Symbol exported but never referenced anywhere else
./modules/mongodb.py,update_chat_history,1,High,Symbol exported but never referenced anywhere else
./modules/mongodb.py,save_timing_metrics,1,High,Symbol exported but never referenced anywhere else
./modules/mongodb.py,get_timing_metrics,1,High,Symbol exported but never referenced anywhere else
./modules/mongodb.py,get_average_timing_metrics,1,High,Symbol exported but never referenced anywhere else
./modules/mongodb.py,create_scheduled_call,1,High,Symbol exported but never referenced anywhere else
./modules/mongodb.py,get_scheduled_call,1,High,Symbol exported but never referenced anywhere else
./modules/mongodb.py,get_pending_scheduled_calls,1,High,Symbol exported but never referenced anywhere else
./modules/mongodb.py,get_all_scheduled_calls,1,High,Symbol exported but never referenced anywhere else
./modules/mongodb.py,cancel_scheduled_call,1,High,Symbol exported but never referenced anywhere else
./modules/mongodb.py,delete_old_scheduled_calls,1,High,Symbol exported but never referenced anywhere else
./modules/mongodb.py,get_upcoming_appointments,1,High,Symbol exported but never referenced anywhere else
./modules/mongodb.py,mark_appointment_reminder_scheduled,1,High,Symbol exported but never referenced anywhere else
./modules/sarvam_stt.py,test_streaming_stt,1,High,Symbol exported but never referenced anywhere else
./modules/sarvam_tts.py,TTSChunk,1,High,Symbol exported but never referenced anywhere else
./zenaipex/main.py,global_exception_handler,1,High,Symbol exported but never referenced anywhere else
./zenaipex/main.py,patch_limits,1,High,Symbol exported but never referenced anywhere else
./zenaipex/main.py,api_health,1,High,Symbol exported but never referenced anywhere else
./zenaipex/main.py,list_plans,1,High,Symbol exported but never referenced anywhere else
./zenaipex/ai/config.py,invalidate_namespace_cache,1,High,Symbol exported but never referenced anywhere else
./zenaipex/api/v1/agents.py,create_agent_onboarding,1,High,Symbol exported but never referenced anywhere else
./zenaipex/api/v1/agents.py,generate_role,1,High,Symbol exported but never referenced anywhere else
./zenaipex/api/v1/agents.py,deactivate_agent,1,High,Symbol exported but never referenced anywhere else
./zenaipex/api/v1/agents.py,create_agent_conversation,1,High,Symbol exported but never referenced anywhere else
./zenaipex/api/v1/agents.py,agent_speak,1,High,Symbol exported but never referenced anywhere else
./zenaipex/api/v1/agents.py,test_agent_voice_chat,1,High,Symbol exported but never referenced anywhere else
./zenaipex/api/v1/agents.py,voice_stream,1,High,Symbol exported but never referenced anywhere else
./zenaipex/api/v1/auth.py,forgot_password,1,High,Symbol exported but never referenced anywhere else
./zenaipex/api/v1/channels_twilio.py,twilio_voice_webhook,1,High,Symbol exported but never referenced anywhere else
./zenaipex/api/v1/channels_twilio.py,media_stream_websocket,1,High,Symbol exported but never referenced anywhere else
./zenaipex/api/v1/companies.py,create_company,1,High,Symbol exported but never referenced anywhere else
./zenaipex/api/v1/companies.py,upload_company_logo,1,High,Symbol exported but never referenced anywhere else
./zenaipex/api/v1/companies.py,remove_company_logo,1,High,Symbol exported but never referenced anywhere else
./zenaipex/api/v1/companies.py,get_company_logo,1,High,Symbol exported but never referenced anywhere else
./zenaipex/api/v1/companies.py,get_overview,1,High,Symbol exported but never referenced anywhere else
./zenaipex/api/v1/companies.py,get_analytics,1,High,Symbol exported but never referenced anywhere else
./zenaipex/api/v1/companies.py,list_team,1,High,Symbol exported but never referenced anywhere else
./zenaipex/api/v1/companies.py,invite_member,1,High,Symbol exported but never referenced anywhere else
./zenaipex/api/v1/companies.py,remove_member,1,High,Symbol exported but never referenced anywhere else
./zenaipex/api/v1/companies.py,update_company_onboarding,1,High,Symbol exported but never referenced anywhere else
./zenaipex/api/v1/conversations.py,get_messages,1,High,Symbol exported but never referenced anywhere else
./zenaipex/api/v1/conversations.py,create_new_conversation,1,High,Symbol exported but never referenced anywhere else
./zenaipex/api/v1/conversations.py,chat_in_conversation,1,High,Symbol exported but never referenced anywhere else
./zenaipex/api/v1/knowledge.py,list_kbs,1,High,Symbol exported but never referenced anywhere else
./zenaipex/api/v1/knowledge.py,create_kb,1,High,Symbol exported but never referenced anywhere else
./zenaipex/api/v1/knowledge.py,get_kb,1,High,Symbol exported but never referenced anywhere else
./zenaipex/api/v1/knowledge.py,delete_kb,1,High,Symbol exported but never referenced anywhere else
./zenaipex/api/v1/knowledge.py,upload_document,1,High,Symbol exported but never referenced anywhere else
./zenaipex/api/v1/knowledge.py,retry_document,1,High,Symbol exported but never referenced anywhere else
./zenaipex/api/v1/knowledge.py,download_document,1,High,Symbol exported but never referenced anywhere else
./zenaipex/api/v1/knowledge.py,search_kb,1,High,Symbol exported but never referenced anywhere else
./zenaipex/api/v1/sales.py,WebhookEvent,1,High,Symbol exported but never referenced anywhere else
./zenaipex/api/v1/sales.py,create_lead,1,High,Symbol exported but never referenced anywhere else
./zenaipex/api/v1/sales.py,create_public_lead,1,High,Symbol exported but never referenced anywhere else
./zenaipex/api/v1/sales.py,list_leads,1,High,Symbol exported but never referenced anywhere else
./zenaipex/api/v1/sales.py,schedule_sales_call,1,High,Symbol exported but never referenced anywhere else
./zenaipex/api/v1/sales.py,list_sales_calls,1,High,Symbol exported but never referenced anywhere else
./zenaipex/api/v1/sales.py,sales_call_webhook,1,High,Symbol exported but never referenced anywhere else
./zenaipex/api/v1/sales.py,generate_twiml,1,High,Symbol exported but never referenced anywhere else
./zenaipex/api/v1/widget.py,get_widget_config,1,High,Symbol exported but never referenced anywhere else
./zenaipex/api/v1/widget.py,widget_chat,1,High,Symbol exported but never referenced anywhere else
./zenaipex/api/v1/admin/companies.py,update_company_status,1,High,Symbol exported but never referenced anywhere else
./zenaipex/api/v1/admin/companies.py,update_company_subscription,1,High,Symbol exported but never referenced anywhere else
./zenaipex/api/v1/admin/companies.py,delete_company,1,High,Symbol exported but never referenced anywhere else
./zenaipex/api/v1/admin/knowledge.py,list_all_knowledge_bases,1,High,Symbol exported but never referenced anywhere else
./zenaipex/api/v1/admin/knowledge.py,list_all_documents,1,High,Symbol exported but never referenced anywhere else
./zenaipex/api/v1/admin/logs.py,get_activity_logs,1,High,Symbol exported but never referenced anywhere else
./zenaipex/api/v1/admin/metrics.py,get_metrics,1,High,Symbol exported but never referenced anywhere else
./zenaipex/api/v1/admin/metrics.py,get_trends,1,High,Symbol exported but never referenced anywhere else
./zenaipex/api/v1/admin/providers.py,list_providers,1,High,Symbol exported but never referenced anywhere else
./zenaipex/api/v1/admin/providers.py,get_unified_state,1,High,Symbol exported but never referenced anywhere else
./zenaipex/api/v1/admin/providers.py,modify_provider,1,High,Symbol exported but never referenced anywhere else
./zenaipex/api/v1/admin/providers.py,test_provider,1,High,Symbol exported but never referenced anywhere else
./zenaipex/api/v1/admin/settings.py,get_settings,1,High,Symbol exported but never referenced anywhere else
./zenaipex/api/v1/admin/settings.py,update_settings,1,High,Symbol exported but never referenced anywhere else
./zenaipex/api/v1/admin/settings.py,upload_logo,1,High,Symbol exported but never referenced anywhere else
./zenaipex/api/v1/admin/settings.py,remove_logo,1,High,Symbol exported but never referenced anywhere else
./zenaipex/api/v1/admin/settings.py,get_public_settings,1,High,Symbol exported but never referenced anywhere else
./zenaipex/api/v1/admin/settings.py,get_logo,1,High,Symbol exported but never referenced anywhere else
./zenaipex/api/v1/admin/subscriptions.py,list_subscriptions,1,High,Symbol exported but never referenced anywhere else
./zenaipex/api/v1/admin/usage.py,list_usage,1,High,Symbol exported but never referenced anywhere else
./zenaipex/api/v1/admin/users.py,list_users,1,High,Symbol exported but never referenced anywhere else
./zenaipex/api/v1/admin/users.py,update_user_status,1,High,Symbol exported but never referenced anywhere else
./zenaipex/core/dependencies.py,resolve_company_from_slug,1,High,Symbol exported but never referenced anywhere else
./zenaipex/core/dependencies.py,resolve_company_from_phone,1,High,Symbol exported but never referenced anywhere else
./zenaipex/core/exceptions.py,TokenExpiredError,1,High,Symbol exported but never referenced anywhere else
./zenaipex/core/exceptions.py,DatabaseError,1,High,Symbol exported but never referenced anywhere else
./zenaipex/core/exceptions.py,ExternalServiceError,1,High,Symbol exported but never referenced anywhere else
./zenaipex/models/company.py,TeamMemberResponse,1,High,Symbol exported but never referenced anywhere else
./zenaipex/models/conversation.py,ConversationWithMessages,1,High,Symbol exported but never referenced anywhere else
./zenaipex/models/knowledge_base.py,KnowledgeBaseUpdate,1,High,Symbol exported but never referenced anywhere else
./zenaipex/models/subscription.py,SubscriptionResponse,1,High,Symbol exported but never referenced anywhere else
./zenaipex/models/usage.py,UsageSummary,1,High,Symbol exported but never referenced anywhere else
./zenaipex/models/usage.py,UsageIncrementRequest,1,High,Symbol exported but never referenced anywhere else
./zenaipex/services/agent_service.py,get_agent_by_slug,1,High,Symbol exported but never referenced anywhere else
./zenaipex/services/tenant_service.py,get_company_by_slug,1,High,Symbol exported but never referenced anywhere else
./zenaipex-frontend/components/ui/tabs.tsx,TabsList,1,High,Symbol exported but never referenced anywhere else
./zenaipex-frontend/lib/utils.ts,formatCurrency,1,High,Symbol exported but never referenced anywhere else
